<?xml version="1.0" encoding="UTF-8"?>
<project-private xmlns="http://www.netbeans.org/ns/project-private/1">
    <editor-bookmarks xmlns="http://www.netbeans.org/ns/editor-bookmarks/2" lastBookmarkId="0"/>
    <open-files xmlns="http://www.netbeans.org/ns/projectui-open-files/2">
        <group>
            <file>file:/U:/SPI_LCD/LCD_SPI.X/LCD_SPI.c</file>
            <file>file:/U:/SPI_LCD/LCD_SPI.X/main.c</file>
            <file>file:/U:/SPI_LCD/LCD_SPI.X/LCD_SPI.h</file>
        </group>
    </open-files>
</project-private>
