<?xml version="1.0" encoding="UTF-8"?>
<project-private xmlns="http://www.netbeans.org/ns/project-private/1">
    <editor-bookmarks xmlns="http://www.netbeans.org/ns/editor-bookmarks/2" lastBookmarkId="0"/>
    <open-files xmlns="http://www.netbeans.org/ns/projectui-open-files/2">
        <group>
            <file>file:/C:/Users/labm2830/MPLABXProjects/Projet_S5.X/main.c</file>
            <file>file:/C:/Users/labm2830/MPLABXProjects/Projet_S5.X/LCD.h</file>
            <file>file:/C:/Users/labm2830/MPLABXProjects/Projet_S5.X/keyboard.c</file>
            <file>file:/C:/Users/labm2830/MPLABXProjects/Projet_S5.X/LCD.c</file>
            <file>file:/C:/Users/labm2830/MPLABXProjects/Projet_S5.X/config.h</file>
            <file>file:/C:/Users/labm2830/MPLABXProjects/Projet_S5.X/keyboard.h</file>
        </group>
    </open-files>
</project-private>
